id,text,label,label_id,reason,context,tags,created_at
1,너도 예전에 그랬잖아,Whataboutism,3,상관없는 비교로 전환,지각 지적,"{1001,2001,3001}",2025-10-17T05:17:41.754694
2,그건 중요하지 않고 내 얘기 들어,레드헤링,5,주제 전환,방법 제안,"{1001,2001,3001}",2025-10-17T05:17:41.754694
3,지난번엔 네가 먼저 했잖아,Whataboutism,3,과거로 논점 회피,업무,"{1001,2001,3001}",2025-10-17T05:17:41.754694
4,너도 예전에 그랬잖아,Whataboutism,3,과거로 논점 회피,방법 제안,"{1001,2001,3001}",2025-10-17T05:17:41.754694
5,네가 있으니 항상 문제야,인신공격,1,능력 전반 부정,방법 제안,"{1001,2001,3001}",2025-10-17T05:17:41.754694
6,너 진짜 멍청해,조롱/비하,16,비꼼/조롱,문제 발생,"{1001,2001,3001}",2025-10-17T05:17:41.754694
7,너는 진짜 일 못해,인신공격,1,존재 폄하,논의 중,"{1001,2001,3001}",2025-10-17T05:17:41.754694
8,넌 무책임한 사람이야,낙인/라벨링,15,고정 라벨 부여,지각 지적,"{1001,2001,3001}",2025-10-17T05:17:41.754694
9,너 게으르다,낙인/라벨링,15,고정 라벨 부여,논의 중,"{1001,2001,3001}",2025-10-17T05:17:41.754694
10,지난번엔 네가 먼저 했잖아,Whataboutism,3,상관없는 비교로 전환,문제 발생,"{1001,2001,3001}",2025-10-17T05:17:41.754694
11,네가 있으니 항상 문제야,인신공격,1,인격 공격,방법 제안,"{1001,2001,3001}",2025-10-17T05:17:41.754694
12,지난번엔 네가 먼저 했잖아,Whataboutism,3,과거로 논점 회피,방법 제안,"{1001,2001,3001}",2025-10-17T05:17:41.754694
13,네가 해서 이렇게 됐지,책임 전가,13,일방적 책임 전가,의견 충돌,"{1001,2001,3001}",2025-10-17T05:17:41.754694
14,네가 있으니 항상 문제야,인신공격,1,능력 전반 부정,문제 발생,"{1001,2001,3001}",2025-10-17T05:17:41.754694
15,너도 예전에 그랬잖아,Whataboutism,3,과거로 논점 회피,논의 중,"{1001,2001,3001}",2025-10-17T05:17:41.754694
16,네가 해서 이렇게 됐지,책임 전가,13,상대 책임 강조,지적 상황,"{1001,2001,3001}",2025-10-17T05:17:41.754694
17,넌 무책임한 사람이야,낙인/라벨링,15,고정 라벨 부여,문제 발생,"{1001,2001,3001}",2025-10-17T05:17:41.754694
18,너도 예전에 그랬잖아,Whataboutism,3,과거로 논점 회피,지적 상황,"{1001,2001,3001}",2025-10-17T05:17:41.754694
19,완전 최악이야!!!!,감정적 언어 과다,17,느낌표/과장,방법 제안,"{1001,2001,3001}",2025-10-17T05:17:41.754694
20,일단 다른 얘기부터 하자,레드헤링,5,주제 전환,지각 지적,"{1001,2001,3001}",2025-10-17T05:17:41.754694
21,너 같은 애가 뭘 하겠어,인신공격,1,인격 공격,문제 발생,"{1001,2001,3001}",2025-10-17T05:17:41.754694
22,너도 예전에 그랬잖아,Whataboutism,3,상관없는 비교로 전환,지각 지적,"{1001,2001,3001}",2025-10-17T05:17:41.754694
23,완전 최악이야!!!!,감정적 언어 과다,17,느낌표/과장,지적 상황,"{1001,2001,3001}",2025-10-17T05:17:41.754694
24,그건 네 탓이야,책임 전가,13,일방적 책임 전가,방법 제안,"{1001,2001,3001}",2025-10-17T05:17:41.754694
25,다들 그렇게 한다니까,과한 일반 대명사,30,모호한 집단 표현,논의 중,"{1001,2001,3001}",2025-10-17T05:17:41.754694
26,너 게으르다,낙인/라벨링,15,고정 라벨 부여,방법 제안,"{1001,2001,3001}",2025-10-17T05:17:41.754694
27,진짜 미쳤냐!!!,감정적 언어 과다,17,과격한 표현,의견 충돌,"{1001,2001,3001}",2025-10-17T05:17:41.754694
28,너는 늘 보고서가 엉망이야,과잉 일반화,4,항상/맨날 표현 사용,논의 중,"{1001,2001,3001}",2025-10-17T05:17:41.754694
29,지난번엔 네가 먼저 했잖아,Whataboutism,3,상관없는 비교로 전환,휴식 취함,"{1001,2001,3001}",2025-10-17T05:17:41.754694
30,다들 그렇게 한다니까,과한 일반 대명사,30,근거 없는 일반화,의견 충돌,"{1001,2001,3001}",2025-10-17T05:17:41.754694
31,다들 그렇게 한다니까,과한 일반 대명사,30,모호한 집단 표현,의견 충돌,"{1001,2001,3001}",2025-10-17T05:17:41.754694
32,네가 해서 이렇게 됐지,책임 전가,13,일방적 책임 전가,휴식 취함,"{1001,2001,3001}",2025-10-17T05:17:41.754694
33,네가 있으니 항상 문제야,인신공격,1,존재 폄하,문제 발생,"{1001,2001,3001}",2025-10-17T05:17:41.754694
34,사람들은 다 이렇게 해,과한 일반 대명사,30,근거 없는 일반화,문제 발생,"{1001,2001,3001}",2025-10-17T05:17:41.754694
35,사람들은 다 이렇게 해,과한 일반 대명사,30,근거 없는 일반화,제안 거부,"{1001,2001,3001}",2025-10-17T05:17:41.754694
36,너는 늘 보고서가 엉망이야,과잉 일반화,4,항상/맨날 표현 사용,제안 거부,"{1001,2001,3001}",2025-10-17T05:17:41.754694
37,진짜 미쳤냐!!!,감정적 언어 과다,17,과격한 표현,제안 거부,"{1001,2001,3001}",2025-10-17T05:17:41.754694
38,그건 네 탓이야,책임 전가,13,일방적 책임 전가,지각 지적,"{1001,2001,3001}",2025-10-17T05:17:41.754694
39,너도 예전에 그랬잖아,Whataboutism,3,상관없는 비교로 전환,의견 충돌,"{1001,2001,3001}",2025-10-17T05:17:41.754694
40,사람들은 다 이렇게 해,과한 일반 대명사,30,근거 없는 일반화,휴식 취함,"{1001,2001,3001}",2025-10-17T05:17:41.754694
41,사람들은 다 이렇게 해,과한 일반 대명사,30,모호한 집단 표현,방법 제안,"{1001,2001,3001}",2025-10-17T05:17:41.754694
42,너 진짜 멍청해,조롱/비하,16,직접적 모욕,문제 발생,"{1001,2001,3001}",2025-10-17T05:17:41.754694
43,정말 한심하다,조롱/비하,16,비꼼/조롱,휴식 취함,"{1001,2001,3001}",2025-10-17T05:17:41.754694
44,다들 그렇게 한다니까,과한 일반 대명사,30,근거 없는 일반화,지각 지적,"{1001,2001,3001}",2025-10-17T05:17:41.754694
45,그건 중요하지 않고 내 얘기 들어,레드헤링,5,논점 일탈,업무,"{1001,2001,3001}",2025-10-17T05:17:41.754694
46,사람들은 다 이렇게 해,과한 일반 대명사,30,근거 없는 일반화,업무,"{1001,2001,3001}",2025-10-17T05:17:41.754694
47,너도 예전에 그랬잖아,Whataboutism,3,과거로 논점 회피,의견 충돌,"{1001,2001,3001}",2025-10-17T05:17:41.754694
48,너 같은 애가 뭘 하겠어,인신공격,1,능력 전반 부정,방법 제안,"{1001,2001,3001}",2025-10-17T05:17:41.754694
49,일단 다른 얘기부터 하자,레드헤링,5,논점 일탈,지각 지적,"{1001,2001,3001}",2025-10-17T05:17:41.754694
50,사람들은 다 이렇게 해,과한 일반 대명사,30,모호한 집단 표현,지각 지적,"{1001,2001,3001}",2025-10-17T05:17:41.754694
51,완전 최악이야!!!!,감정적 언어 과다,17,과격한 표현,의견 충돌,"{1001,2001,3001}",2025-10-17T05:17:41.754694
52,지난번엔 네가 먼저 했잖아,Whataboutism,3,상관없는 비교로 전환,논의 중,"{1001,2001,3001}",2025-10-17T05:17:41.754694
53,와 대단하시네요?(비꼼),조롱/비하,16,직접적 모욕,의견 충돌,"{1001,2001,3001}",2025-10-17T05:17:41.754694
54,너 같은 애가 뭘 하겠어,인신공격,1,존재 폄하,제안 거부,"{1001,2001,3001}",2025-10-17T05:17:41.754694
55,너도 예전에 그랬잖아,Whataboutism,3,과거로 논점 회피,지각 지적,"{1001,2001,3001}",2025-10-17T05:17:41.754694
56,다들 그렇게 한다니까,과한 일반 대명사,30,근거 없는 일반화,논의 중,"{1001,2001,3001}",2025-10-17T05:17:41.754694
57,너는 항상 실수해,과잉 일반화,4,근거 부족 일반화,지각 지적,"{1001,2001,3001}",2025-10-17T05:17:41.754694
58,지난번엔 네가 먼저 했잖아,Whataboutism,3,과거로 논점 회피,업무,"{1001,2001,3001}",2025-10-17T05:17:41.754694
59,사람들은 다 이렇게 해,과한 일반 대명사,30,근거 없는 일반화,지각 지적,"{1001,2001,3001}",2025-10-17T05:17:41.754694
60,너는 항상 실수해,과잉 일반화,4,근거 부족 일반화,휴식 취함,"{1001,2001,3001}",2025-10-17T05:17:41.754694
61,일단 다른 얘기부터 하자,레드헤링,5,주제 전환,지적 상황,"{1001,2001,3001}",2025-10-17T05:17:41.754694
62,너 진짜 멍청해,조롱/비하,16,비꼼/조롱,문제 발생,"{1001,2001,3001}",2025-10-17T05:17:41.754694
63,완전 최악이야!!!!,감정적 언어 과다,17,느낌표/과장,방법 제안,"{1001,2001,3001}",2025-10-17T05:17:41.754694
64,진짜 미쳤냐!!!,감정적 언어 과다,17,과격한 표현,문제 발생,"{1001,2001,3001}",2025-10-17T05:17:41.754694
65,그건 중요하지 않고 내 얘기 들어,레드헤링,5,주제 전환,제안 거부,"{1001,2001,3001}",2025-10-17T05:17:41.754694
66,너는 진짜 일 못해,인신공격,1,존재 폄하,휴식 취함,"{1001,2001,3001}",2025-10-17T05:17:41.754694
67,사람들은 다 이렇게 해,과한 일반 대명사,30,근거 없는 일반화,방법 제안,"{1001,2001,3001}",2025-10-17T05:17:41.754694
68,너도 예전에 그랬잖아,Whataboutism,3,과거로 논점 회피,의견 충돌,"{1001,2001,3001}",2025-10-17T05:17:41.754694
69,일단 다른 얘기부터 하자,레드헤링,5,주제 전환,지각 지적,"{1001,2001,3001}",2025-10-17T05:17:41.754694
70,네가 있으니 항상 문제야,인신공격,1,능력 전반 부정,논의 중,"{1001,2001,3001}",2025-10-17T05:17:41.754694
71,다들 그렇게 한다니까,과한 일반 대명사,30,모호한 집단 표현,지각 지적,"{1001,2001,3001}",2025-10-17T05:17:41.754694
72,너 게으르다,낙인/라벨링,15,낙인찍기,논의 중,"{1001,2001,3001}",2025-10-17T05:17:41.754694
73,너는 늘 보고서가 엉망이야,과잉 일반화,4,근거 부족 일반화,휴식 취함,"{1001,2001,3001}",2025-10-17T05:17:41.754694
74,너 게으르다,낙인/라벨링,15,고정 라벨 부여,휴식 취함,"{1001,2001,3001}",2025-10-17T05:17:41.754694
75,너도 예전에 그랬잖아,Whataboutism,3,과거로 논점 회피,방법 제안,"{1001,2001,3001}",2025-10-17T05:17:41.754694
76,그건 네 탓이야,책임 전가,13,상대 책임 강조,의견 충돌,"{1001,2001,3001}",2025-10-17T05:17:41.754694
77,일단 다른 얘기부터 하자,레드헤링,5,논점 일탈,지적 상황,"{1001,2001,3001}",2025-10-17T05:17:41.754694
78,말도 안 돼!!!,감정적 언어 과다,17,느낌표/과장,방법 제안,"{1001,2001,3001}",2025-10-17T05:17:41.754694
79,네가 있으니 항상 문제야,인신공격,1,존재 폄하,문제 발생,"{1001,2001,3001}",2025-10-17T05:17:41.754694
80,너도 예전에 그랬잖아,Whataboutism,3,상관없는 비교로 전환,의견 충돌,"{1001,2001,3001}",2025-10-17T05:17:41.754694
81,너도 예전에 그랬잖아,Whataboutism,3,상관없는 비교로 전환,문제 발생,"{1001,2001,3001}",2025-10-17T05:17:41.754694
82,일단 다른 얘기부터 하자,레드헤링,5,주제 전환,문제 발생,"{1001,2001,3001}",2025-10-17T05:17:41.754694
83,다들 그렇게 한다니까,과한 일반 대명사,30,모호한 집단 표현,업무,"{1001,2001,3001}",2025-10-17T05:17:41.754694
84,지난번엔 네가 먼저 했잖아,Whataboutism,3,상관없는 비교로 전환,업무,"{1001,2001,3001}",2025-10-17T05:17:41.754694
85,너 같은 애가 뭘 하겠어,인신공격,1,능력 전반 부정,문제 발생,"{1001,2001,3001}",2025-10-17T05:17:41.754694
86,너는 늘 보고서가 엉망이야,과잉 일반화,4,근거 부족 일반화,방법 제안,"{1001,2001,3001}",2025-10-17T05:17:41.754694
87,정말 한심하다,조롱/비하,16,직접적 모욕,의견 충돌,"{1001,2001,3001}",2025-10-17T05:17:41.754694
88,너도 예전에 그랬잖아,Whataboutism,3,과거로 논점 회피,제안 거부,"{1001,2001,3001}",2025-10-17T05:17:41.754694
89,사람들은 다 이렇게 해,과한 일반 대명사,30,모호한 집단 표현,지적 상황,"{1001,2001,3001}",2025-10-17T05:17:41.754694
90,너 같은 애가 뭘 하겠어,인신공격,1,인격 공격,업무,"{1001,2001,3001}",2025-10-17T05:17:41.754694
91,너 게으르다,낙인/라벨링,15,고정 라벨 부여,의견 충돌,"{1001,2001,3001}",2025-10-17T05:17:41.754694
92,넌 무책임한 사람이야,낙인/라벨링,15,고정 라벨 부여,지각 지적,"{1001,2001,3001}",2025-10-17T05:17:41.754694
93,너는 맨날 늦어,과잉 일반화,4,근거 부족 일반화,업무,"{1001,2001,3001}",2025-10-17T05:17:41.754694
94,너는 늘 보고서가 엉망이야,과잉 일반화,4,근거 부족 일반화,논의 중,"{1001,2001,3001}",2025-10-17T05:17:41.754694
95,일단 다른 얘기부터 하자,레드헤링,5,주제 전환,의견 충돌,"{1001,2001,3001}",2025-10-17T05:17:41.754694
96,너 진짜 멍청해,조롱/비하,16,비꼼/조롱,지각 지적,"{1001,2001,3001}",2025-10-17T05:17:41.754694
97,일단 다른 얘기부터 하자,레드헤링,5,논점 일탈,문제 발생,"{1001,2001,3001}",2025-10-17T05:17:41.754694
98,그건 중요하지 않고 내 얘기 들어,레드헤링,5,주제 전환,지각 지적,"{1001,2001,3001}",2025-10-17T05:17:41.754694
99,와 대단하시네요?(비꼼),조롱/비하,16,비꼼/조롱,의견 충돌,"{1001,2001,3001}",2025-10-17T05:17:41.754694
100,네가 해서 이렇게 됐지,책임 전가,13,상대 책임 강조,방법 제안,"{1001,2001,3001}",2025-10-17T05:17:41.754694
101,너 게으르다,낙인/라벨링,15,고정 라벨 부여,문제 발생,"{1001,2001,3001}",2025-10-17T05:17:41.754694
102,너는 늘 보고서가 엉망이야,과잉 일반화,4,근거 부족 일반화,업무,"{1001,2001,3001}",2025-10-17T05:17:41.754694
103,지난번엔 네가 먼저 했잖아,Whataboutism,3,상관없는 비교로 전환,제안 거부,"{1001,2001,3001}",2025-10-17T05:17:41.754694
104,정말 한심하다,조롱/비하,16,직접적 모욕,논의 중,"{1001,2001,3001}",2025-10-17T05:17:41.754694
105,일단 다른 얘기부터 하자,레드헤링,5,주제 전환,논의 중,"{1001,2001,3001}",2025-10-17T05:17:41.754694
106,네가 있으니 항상 문제야,인신공격,1,존재 폄하,지각 지적,"{1001,2001,3001}",2025-10-17T05:17:41.754694
107,넌 무책임한 사람이야,낙인/라벨링,15,고정 라벨 부여,제안 거부,"{1001,2001,3001}",2025-10-17T05:17:41.754694
108,너 게으르다,낙인/라벨링,15,낙인찍기,방법 제안,"{1001,2001,3001}",2025-10-17T05:17:41.754694
109,네가 해서 이렇게 됐지,책임 전가,13,상대 책임 강조,논의 중,"{1001,2001,3001}",2025-10-17T05:17:41.754694
110,그건 네 탓이야,책임 전가,13,일방적 책임 전가,논의 중,"{1001,2001,3001}",2025-10-17T05:17:41.754694
111,정말 한심하다,조롱/비하,16,직접적 모욕,문제 발생,"{1001,2001,3001}",2025-10-17T05:17:41.754694
112,정말 한심하다,조롱/비하,16,직접적 모욕,문제 발생,"{1001,2001,3001}",2025-10-17T05:17:41.754694
113,그건 네 탓이야,책임 전가,13,상대 책임 강조,제안 거부,"{1001,2001,3001}",2025-10-17T05:17:41.754694
114,완전 최악이야!!!!,감정적 언어 과다,17,느낌표/과장,지각 지적,"{1001,2001,3001}",2025-10-17T05:17:41.754694
115,다들 그렇게 한다니까,과한 일반 대명사,30,근거 없는 일반화,의견 충돌,"{1001,2001,3001}",2025-10-17T05:17:41.754694
116,네가 해서 이렇게 됐지,책임 전가,13,일방적 책임 전가,지각 지적,"{1001,2001,3001}",2025-10-17T05:17:41.754694
117,그건 네 탓이야,책임 전가,13,일방적 책임 전가,지적 상황,"{1001,2001,3001}",2025-10-17T05:17:41.754694
118,너는 진짜 일 못해,인신공격,1,능력 전반 부정,휴식 취함,"{1001,2001,3001}",2025-10-17T05:17:41.754694
119,지난번엔 네가 먼저 했잖아,Whataboutism,3,상관없는 비교로 전환,지각 지적,"{1001,2001,3001}",2025-10-17T05:17:41.754694
120,와 대단하시네요?(비꼼),조롱/비하,16,비꼼/조롱,지각 지적,"{1001,2001,3001}",2025-10-17T05:17:41.754694
121,너는 늘 보고서가 엉망이야,과잉 일반화,4,항상/맨날 표현 사용,의견 충돌,"{1001,2001,3001}",2025-10-17T05:17:41.754694
122,너 진짜 멍청해,조롱/비하,16,직접적 모욕,방법 제안,"{1001,2001,3001}",2025-10-17T05:17:41.754694
123,진짜 미쳤냐!!!,감정적 언어 과다,17,과격한 표현,의견 충돌,"{1001,2001,3001}",2025-10-17T05:17:41.754694
124,진짜 미쳤냐!!!,감정적 언어 과다,17,느낌표/과장,방법 제안,"{1001,2001,3001}",2025-10-17T05:17:41.754694
125,다들 그렇게 한다니까,과한 일반 대명사,30,모호한 집단 표현,방법 제안,"{1001,2001,3001}",2025-10-17T05:17:41.754694
126,정말 한심하다,조롱/비하,16,비꼼/조롱,지적 상황,"{1001,2001,3001}",2025-10-17T05:17:41.754694
127,완전 최악이야!!!!,감정적 언어 과다,17,느낌표/과장,지각 지적,"{1001,2001,3001}",2025-10-17T05:17:41.754694
128,네가 해서 이렇게 됐지,책임 전가,13,일방적 책임 전가,문제 발생,"{1001,2001,3001}",2025-10-17T05:17:41.754694
129,진짜 미쳤냐!!!,감정적 언어 과다,17,느낌표/과장,지각 지적,"{1001,2001,3001}",2025-10-17T05:17:41.754694
130,네가 해서 이렇게 됐지,책임 전가,13,상대 책임 강조,방법 제안,"{1001,2001,3001}",2025-10-17T05:17:41.754694
131,너도 예전에 그랬잖아,Whataboutism,3,과거로 논점 회피,지각 지적,"{1001,2001,3001}",2025-10-17T05:17:41.754694
132,정말 한심하다,조롱/비하,16,직접적 모욕,지각 지적,"{1001,2001,3001}",2025-10-17T05:17:41.754694
133,지난번엔 네가 먼저 했잖아,Whataboutism,3,상관없는 비교로 전환,제안 거부,"{1001,2001,3001}",2025-10-17T05:17:41.754694
134,다들 그렇게 한다니까,과한 일반 대명사,30,모호한 집단 표현,업무,"{1001,2001,3001}",2025-10-17T05:17:41.754694
135,일단 다른 얘기부터 하자,레드헤링,5,논점 일탈,업무,"{1001,2001,3001}",2025-10-17T05:17:41.754694
136,와 대단하시네요?(비꼼),조롱/비하,16,직접적 모욕,제안 거부,"{1001,2001,3001}",2025-10-17T05:17:41.754694
137,네가 해서 이렇게 됐지,책임 전가,13,상대 책임 강조,방법 제안,"{1001,2001,3001}",2025-10-17T05:17:41.754694
138,사람들은 다 이렇게 해,과한 일반 대명사,30,모호한 집단 표현,지각 지적,"{1001,2001,3001}",2025-10-17T05:17:41.754694
139,네가 해서 이렇게 됐지,책임 전가,13,상대 책임 강조,업무,"{1001,2001,3001}",2025-10-17T05:17:41.754694
140,와 대단하시네요?(비꼼),조롱/비하,16,비꼼/조롱,지적 상황,"{1001,2001,3001}",2025-10-17T05:17:41.754694
141,진짜 미쳤냐!!!,감정적 언어 과다,17,과격한 표현,논의 중,"{1001,2001,3001}",2025-10-17T05:17:41.754694
142,너는 진짜 일 못해,인신공격,1,존재 폄하,논의 중,"{1001,2001,3001}",2025-10-17T05:17:41.754694
143,너는 항상 실수해,과잉 일반화,4,항상/맨날 표현 사용,업무,"{1001,2001,3001}",2025-10-17T05:17:41.754694
144,네가 해서 이렇게 됐지,책임 전가,13,상대 책임 강조,지각 지적,"{1001,2001,3001}",2025-10-17T05:17:41.754694
145,완전 최악이야!!!!,감정적 언어 과다,17,느낌표/과장,논의 중,"{1001,2001,3001}",2025-10-17T05:17:41.754694
146,네가 해서 이렇게 됐지,책임 전가,13,상대 책임 강조,의견 충돌,"{1001,2001,3001}",2025-10-17T05:17:41.754694
147,진짜 미쳤냐!!!,감정적 언어 과다,17,과격한 표현,제안 거부,"{1001,2001,3001}",2025-10-17T05:17:41.754694
148,그건 중요하지 않고 내 얘기 들어,레드헤링,5,주제 전환,업무,"{1001,2001,3001}",2025-10-17T05:17:41.754694
149,그건 중요하지 않고 내 얘기 들어,레드헤링,5,주제 전환,지적 상황,"{1001,2001,3001}",2025-10-17T05:17:41.754694
150,그건 중요하지 않고 내 얘기 들어,레드헤링,5,논점 일탈,의견 충돌,"{1001,2001,3001}",2025-10-17T05:17:41.754694
151,일단 다른 얘기부터 하자,레드헤링,5,논점 일탈,제안 거부,"{1001,2001,3001}",2025-10-17T05:17:41.754694
152,너는 늘 보고서가 엉망이야,과잉 일반화,4,항상/맨날 표현 사용,지적 상황,"{1001,2001,3001}",2025-10-17T05:17:41.754694
153,그건 네 탓이야,책임 전가,13,일방적 책임 전가,문제 발생,"{1001,2001,3001}",2025-10-17T05:17:41.754694
154,와 대단하시네요?(비꼼),조롱/비하,16,직접적 모욕,의견 충돌,"{1001,2001,3001}",2025-10-17T05:17:41.754694
155,그건 중요하지 않고 내 얘기 들어,레드헤링,5,논점 일탈,의견 충돌,"{1001,2001,3001}",2025-10-17T05:17:41.754694
156,너 같은 애가 뭘 하겠어,인신공격,1,존재 폄하,논의 중,"{1001,2001,3001}",2025-10-17T05:17:41.754694
157,너 게으르다,낙인/라벨링,15,낙인찍기,업무,"{1001,2001,3001}",2025-10-17T05:17:41.754694
158,와 대단하시네요?(비꼼),조롱/비하,16,직접적 모욕,논의 중,"{1001,2001,3001}",2025-10-17T05:17:41.754694
159,넌 무책임한 사람이야,낙인/라벨링,15,고정 라벨 부여,논의 중,"{1001,2001,3001}",2025-10-17T05:17:41.754694
160,너는 늘 보고서가 엉망이야,과잉 일반화,4,근거 부족 일반화,방법 제안,"{1001,2001,3001}",2025-10-17T05:17:41.754694
161,완전 최악이야!!!!,감정적 언어 과다,17,느낌표/과장,문제 발생,"{1001,2001,3001}",2025-10-17T05:17:41.754694
162,너 게으르다,낙인/라벨링,15,고정 라벨 부여,문제 발생,"{1001,2001,3001}",2025-10-17T05:17:41.754694
163,진짜 미쳤냐!!!,감정적 언어 과다,17,느낌표/과장,논의 중,"{1001,2001,3001}",2025-10-17T05:17:41.754694
164,너 게으르다,낙인/라벨링,15,낙인찍기,제안 거부,"{1001,2001,3001}",2025-10-17T05:17:41.754694
165,너는 항상 실수해,과잉 일반화,4,항상/맨날 표현 사용,제안 거부,"{1001,2001,3001}",2025-10-17T05:17:41.754694
166,네가 해서 이렇게 됐지,책임 전가,13,상대 책임 강조,문제 발생,"{1001,2001,3001}",2025-10-17T05:17:41.754694
167,사람들은 다 이렇게 해,과한 일반 대명사,30,근거 없는 일반화,의견 충돌,"{1001,2001,3001}",2025-10-17T05:17:41.754694
168,일단 다른 얘기부터 하자,레드헤링,5,논점 일탈,방법 제안,"{1001,2001,3001}",2025-10-17T05:17:41.754694
169,일단 다른 얘기부터 하자,레드헤링,5,논점 일탈,휴식 취함,"{1001,2001,3001}",2025-10-17T05:17:41.754694
170,너는 진짜 일 못해,인신공격,1,인격 공격,지각 지적,"{1001,2001,3001}",2025-10-17T05:17:41.754694
171,정말 한심하다,조롱/비하,16,직접적 모욕,문제 발생,"{1001,2001,3001}",2025-10-17T05:17:41.754694
172,넌 무책임한 사람이야,낙인/라벨링,15,낙인찍기,논의 중,"{1001,2001,3001}",2025-10-17T05:17:41.754694
173,다들 그렇게 한다니까,과한 일반 대명사,30,모호한 집단 표현,휴식 취함,"{1001,2001,3001}",2025-10-17T05:17:41.754694
174,네가 해서 이렇게 됐지,책임 전가,13,상대 책임 강조,지각 지적,"{1001,2001,3001}",2025-10-17T05:17:41.754694
175,너도 예전에 그랬잖아,Whataboutism,3,상관없는 비교로 전환,의견 충돌,"{1001,2001,3001}",2025-10-17T05:17:41.754694
176,사람들은 다 이렇게 해,과한 일반 대명사,30,근거 없는 일반화,지각 지적,"{1001,2001,3001}",2025-10-17T05:17:41.754694
177,완전 최악이야!!!!,감정적 언어 과다,17,느낌표/과장,의견 충돌,"{1001,2001,3001}",2025-10-17T05:17:41.754694
178,일단 다른 얘기부터 하자,레드헤링,5,주제 전환,제안 거부,"{1001,2001,3001}",2025-10-17T05:17:41.754694
179,너는 항상 실수해,과잉 일반화,4,항상/맨날 표현 사용,방법 제안,"{1001,2001,3001}",2025-10-17T05:17:41.754694
180,너는 항상 실수해,과잉 일반화,4,항상/맨날 표현 사용,업무,"{1001,2001,3001}",2025-10-17T05:17:41.754694
181,다들 그렇게 한다니까,과한 일반 대명사,30,근거 없는 일반화,휴식 취함,"{1001,2001,3001}",2025-10-17T05:17:41.754694
182,너도 예전에 그랬잖아,Whataboutism,3,상관없는 비교로 전환,휴식 취함,"{1001,2001,3001}",2025-10-17T05:17:41.754694
183,완전 최악이야!!!!,감정적 언어 과다,17,느낌표/과장,지적 상황,"{1001,2001,3001}",2025-10-17T05:17:41.754694
184,너 같은 애가 뭘 하겠어,인신공격,1,인격 공격,의견 충돌,"{1001,2001,3001}",2025-10-17T05:17:41.754694
185,지난번엔 네가 먼저 했잖아,Whataboutism,3,상관없는 비교로 전환,의견 충돌,"{1001,2001,3001}",2025-10-17T05:17:41.754694
186,너는 진짜 일 못해,인신공격,1,능력 전반 부정,문제 발생,"{1001,2001,3001}",2025-10-17T05:17:41.754694
187,너도 예전에 그랬잖아,Whataboutism,3,과거로 논점 회피,방법 제안,"{1001,2001,3001}",2025-10-17T05:17:41.754694
188,정말 한심하다,조롱/비하,16,직접적 모욕,방법 제안,"{1001,2001,3001}",2025-10-17T05:17:41.754694
189,와 대단하시네요?(비꼼),조롱/비하,16,비꼼/조롱,문제 발생,"{1001,2001,3001}",2025-10-17T05:17:41.754694
190,와 대단하시네요?(비꼼),조롱/비하,16,직접적 모욕,의견 충돌,"{1001,2001,3001}",2025-10-17T05:17:41.754694
191,그건 중요하지 않고 내 얘기 들어,레드헤링,5,논점 일탈,의견 충돌,"{1001,2001,3001}",2025-10-17T05:17:41.754694
192,너는 맨날 늦어,과잉 일반화,4,항상/맨날 표현 사용,방법 제안,"{1001,2001,3001}",2025-10-17T05:17:41.754694
193,너도 예전에 그랬잖아,Whataboutism,3,과거로 논점 회피,논의 중,"{1001,2001,3001}",2025-10-17T05:17:41.754694
194,말도 안 돼!!!,감정적 언어 과다,17,느낌표/과장,문제 발생,"{1001,2001,3001}",2025-10-17T05:17:41.754694
195,너는 진짜 일 못해,인신공격,1,인격 공격,문제 발생,"{1001,2001,3001}",2025-10-17T05:17:41.754694
196,진짜 미쳤냐!!!,감정적 언어 과다,17,과격한 표현,문제 발생,"{1001,2001,3001}",2025-10-17T05:17:41.754694
197,일단 다른 얘기부터 하자,레드헤링,5,주제 전환,방법 제안,"{1001,2001,3001}",2025-10-17T05:17:41.754694
198,그건 중요하지 않고 내 얘기 들어,레드헤링,5,논점 일탈,지적 상황,"{1001,2001,3001}",2025-10-17T05:17:41.754694
199,너도 예전에 그랬잖아,Whataboutism,3,과거로 논점 회피,문제 발생,"{1001,2001,3001}",2025-10-17T05:17:41.754694
200,네가 해서 이렇게 됐지,책임 전가,13,일방적 책임 전가,휴식 취함,"{1001,2001,3001}",2025-10-17T05:17:41.754694
201,네가 해서 이렇게 됐지,책임 전가,13,상대 책임 강조,방법 제안,"{1001,2001,3001}",2025-10-17T05:17:41.754694
202,다들 그렇게 한다니까,과한 일반 대명사,30,모호한 집단 표현,의견 충돌,"{1001,2001,3001}",2025-10-17T05:17:41.754694
203,너 같은 애가 뭘 하겠어,인신공격,1,존재 폄하,제안 거부,"{1001,2001,3001}",2025-10-17T05:17:41.754694
204,그건 네 탓이야,책임 전가,13,일방적 책임 전가,지각 지적,"{1001,2001,3001}",2025-10-17T05:17:41.754694
205,네가 있으니 항상 문제야,인신공격,1,인격 공격,업무,"{1001,2001,3001}",2025-10-17T05:17:41.754694
206,너는 항상 실수해,과잉 일반화,4,근거 부족 일반화,문제 발생,"{1001,2001,3001}",2025-10-17T05:17:41.754694
207,너는 늘 보고서가 엉망이야,과잉 일반화,4,근거 부족 일반화,휴식 취함,"{1001,2001,3001}",2025-10-17T05:17:41.754694
208,지난번엔 네가 먼저 했잖아,Whataboutism,3,상관없는 비교로 전환,논의 중,"{1001,2001,3001}",2025-10-17T05:17:41.754694
209,넌 무책임한 사람이야,낙인/라벨링,15,고정 라벨 부여,지적 상황,"{1001,2001,3001}",2025-10-17T05:17:41.754694
210,넌 무책임한 사람이야,낙인/라벨링,15,낙인찍기,문제 발생,"{1001,2001,3001}",2025-10-17T05:17:41.754694
211,정말 한심하다,조롱/비하,16,직접적 모욕,휴식 취함,"{1001,2001,3001}",2025-10-17T05:17:41.754694
212,지난번엔 네가 먼저 했잖아,Whataboutism,3,상관없는 비교로 전환,제안 거부,"{1001,2001,3001}",2025-10-17T05:17:41.754694
213,지난번엔 네가 먼저 했잖아,Whataboutism,3,과거로 논점 회피,방법 제안,"{1001,2001,3001}",2025-10-17T05:17:41.754694
214,완전 최악이야!!!!,감정적 언어 과다,17,과격한 표현,지각 지적,"{1001,2001,3001}",2025-10-17T05:17:41.754694
215,다들 그렇게 한다니까,과한 일반 대명사,30,모호한 집단 표현,휴식 취함,"{1001,2001,3001}",2025-10-17T05:17:41.754694
216,너는 진짜 일 못해,인신공격,1,인격 공격,방법 제안,"{1001,2001,3001}",2025-10-17T05:17:41.754694
217,너는 항상 실수해,과잉 일반화,4,근거 부족 일반화,휴식 취함,"{1001,2001,3001}",2025-10-17T05:17:41.754694
218,너도 예전에 그랬잖아,Whataboutism,3,과거로 논점 회피,지적 상황,"{1001,2001,3001}",2025-10-17T05:17:41.754694
219,그건 네 탓이야,책임 전가,13,상대 책임 강조,의견 충돌,"{1001,2001,3001}",2025-10-17T05:17:41.754694
220,그건 중요하지 않고 내 얘기 들어,레드헤링,5,논점 일탈,의견 충돌,"{1001,2001,3001}",2025-10-17T05:17:41.754694
221,너는 항상 실수해,과잉 일반화,4,근거 부족 일반화,방법 제안,"{1001,2001,3001}",2025-10-17T05:17:41.754694
222,네가 해서 이렇게 됐지,책임 전가,13,상대 책임 강조,휴식 취함,"{1001,2001,3001}",2025-10-17T05:17:41.754694
223,일단 다른 얘기부터 하자,레드헤링,5,주제 전환,논의 중,"{1001,2001,3001}",2025-10-17T05:17:41.754694
224,그건 중요하지 않고 내 얘기 들어,레드헤링,5,주제 전환,문제 발생,"{1001,2001,3001}",2025-10-17T05:17:41.754694
225,와 대단하시네요?(비꼼),조롱/비하,16,비꼼/조롱,업무,"{1001,2001,3001}",2025-10-17T05:17:41.754694
226,네가 해서 이렇게 됐지,책임 전가,13,상대 책임 강조,지적 상황,"{1001,2001,3001}",2025-10-17T05:17:41.754694
227,말도 안 돼!!!,감정적 언어 과다,17,느낌표/과장,제안 거부,"{1001,2001,3001}",2025-10-17T05:17:41.754694
228,넌 무책임한 사람이야,낙인/라벨링,15,낙인찍기,제안 거부,"{1001,2001,3001}",2025-10-17T05:17:41.754694
229,그건 중요하지 않고 내 얘기 들어,레드헤링,5,논점 일탈,지각 지적,"{1001,2001,3001}",2025-10-17T05:17:41.754694
230,너 진짜 멍청해,조롱/비하,16,비꼼/조롱,휴식 취함,"{1001,2001,3001}",2025-10-17T05:17:41.754694
231,와 대단하시네요?(비꼼),조롱/비하,16,직접적 모욕,휴식 취함,"{1001,2001,3001}",2025-10-17T05:17:41.754694
232,너는 진짜 일 못해,인신공격,1,존재 폄하,제안 거부,"{1001,2001,3001}",2025-10-17T05:17:41.754694
233,지난번엔 네가 먼저 했잖아,Whataboutism,3,과거로 논점 회피,방법 제안,"{1001,2001,3001}",2025-10-17T05:17:41.754694
234,진짜 미쳤냐!!!,감정적 언어 과다,17,과격한 표현,논의 중,"{1001,2001,3001}",2025-10-17T05:17:41.754694
235,너는 맨날 늦어,과잉 일반화,4,근거 부족 일반화,문제 발생,"{1001,2001,3001}",2025-10-17T05:17:41.754694
236,넌 무책임한 사람이야,낙인/라벨링,15,고정 라벨 부여,제안 거부,"{1001,2001,3001}",2025-10-17T05:17:41.754694
237,다들 그렇게 한다니까,과한 일반 대명사,30,모호한 집단 표현,휴식 취함,"{1001,2001,3001}",2025-10-17T05:17:41.754694
238,사람들은 다 이렇게 해,과한 일반 대명사,30,근거 없는 일반화,지각 지적,"{1001,2001,3001}",2025-10-17T05:17:41.754694
239,그건 네 탓이야,책임 전가,13,일방적 책임 전가,논의 중,"{1001,2001,3001}",2025-10-17T05:17:41.754694
240,너도 예전에 그랬잖아,Whataboutism,3,상관없는 비교로 전환,지적 상황,"{1001,2001,3001}",2025-10-17T05:17:41.754694
241,그건 네 탓이야,책임 전가,13,일방적 책임 전가,제안 거부,"{1001,2001,3001}",2025-10-17T05:17:41.754694
242,너 같은 애가 뭘 하겠어,인신공격,1,인격 공격,제안 거부,"{1001,2001,3001}",2025-10-17T05:17:41.754694
243,너 진짜 멍청해,조롱/비하,16,직접적 모욕,방법 제안,"{1001,2001,3001}",2025-10-17T05:17:41.754694
244,정말 한심하다,조롱/비하,16,직접적 모욕,지적 상황,"{1001,2001,3001}",2025-10-17T05:17:41.754694
245,너는 맨날 늦어,과잉 일반화,4,근거 부족 일반화,지각 지적,"{1001,2001,3001}",2025-10-17T05:17:41.754694
246,말도 안 돼!!!,감정적 언어 과다,17,과격한 표현,지각 지적,"{1001,2001,3001}",2025-10-17T05:17:41.754694
247,말도 안 돼!!!,감정적 언어 과다,17,느낌표/과장,휴식 취함,"{1001,2001,3001}",2025-10-17T05:17:41.754694
248,그건 네 탓이야,책임 전가,13,상대 책임 강조,문제 발생,"{1001,2001,3001}",2025-10-17T05:17:41.754694
249,사람들은 다 이렇게 해,과한 일반 대명사,30,근거 없는 일반화,휴식 취함,"{1001,2001,3001}",2025-10-17T05:17:41.754694
250,넌 무책임한 사람이야,낙인/라벨링,15,낙인찍기,문제 발생,"{1001,2001,3001}",2025-10-17T05:17:41.754694
251,완전 최악이야!!!!,감정적 언어 과다,17,과격한 표현,논의 중,"{1001,2001,3001}",2025-10-17T05:17:41.754694
252,진짜 미쳤냐!!!,감정적 언어 과다,17,과격한 표현,논의 중,"{1001,2001,3001}",2025-10-17T05:17:41.754694
253,넌 무책임한 사람이야,낙인/라벨링,15,낙인찍기,업무,"{1001,2001,3001}",2025-10-17T05:17:41.754694
254,와 대단하시네요?(비꼼),조롱/비하,16,직접적 모욕,업무,"{1001,2001,3001}",2025-10-17T05:17:41.754694
255,완전 최악이야!!!!,감정적 언어 과다,17,과격한 표현,제안 거부,"{1001,2001,3001}",2025-10-17T05:17:41.754694
256,그건 중요하지 않고 내 얘기 들어,레드헤링,5,논점 일탈,지적 상황,"{1001,2001,3001}",2025-10-17T05:17:41.754694
257,너도 예전에 그랬잖아,Whataboutism,3,상관없는 비교로 전환,휴식 취함,"{1001,2001,3001}",2025-10-17T05:17:41.754694
258,네가 있으니 항상 문제야,인신공격,1,인격 공격,지적 상황,"{1001,2001,3001}",2025-10-17T05:17:41.754694
259,지난번엔 네가 먼저 했잖아,Whataboutism,3,상관없는 비교로 전환,논의 중,"{1001,2001,3001}",2025-10-17T05:17:41.754694
260,너는 맨날 늦어,과잉 일반화,4,항상/맨날 표현 사용,방법 제안,"{1001,2001,3001}",2025-10-17T05:17:41.754694
261,넌 무책임한 사람이야,낙인/라벨링,15,고정 라벨 부여,문제 발생,"{1001,2001,3001}",2025-10-17T05:17:41.754694
262,완전 최악이야!!!!,감정적 언어 과다,17,느낌표/과장,의견 충돌,"{1001,2001,3001}",2025-10-17T05:17:41.754694
263,진짜 미쳤냐!!!,감정적 언어 과다,17,과격한 표현,지각 지적,"{1001,2001,3001}",2025-10-17T05:17:41.754694
264,정말 한심하다,조롱/비하,16,비꼼/조롱,의견 충돌,"{1001,2001,3001}",2025-10-17T05:17:41.754694
265,너 진짜 멍청해,조롱/비하,16,비꼼/조롱,방법 제안,"{1001,2001,3001}",2025-10-17T05:17:41.754694
266,지난번엔 네가 먼저 했잖아,Whataboutism,3,상관없는 비교로 전환,문제 발생,"{1001,2001,3001}",2025-10-17T05:17:41.754694
267,정말 한심하다,조롱/비하,16,비꼼/조롱,의견 충돌,"{1001,2001,3001}",2025-10-17T05:17:41.754694
268,일단 다른 얘기부터 하자,레드헤링,5,주제 전환,방법 제안,"{1001,2001,3001}",2025-10-17T05:17:41.754694
269,너 게으르다,낙인/라벨링,15,고정 라벨 부여,휴식 취함,"{1001,2001,3001}",2025-10-17T05:17:41.754694
270,네가 해서 이렇게 됐지,책임 전가,13,일방적 책임 전가,지적 상황,"{1001,2001,3001}",2025-10-17T05:17:41.754694
271,너는 진짜 일 못해,인신공격,1,인격 공격,휴식 취함,"{1001,2001,3001}",2025-10-17T05:17:41.754694
272,너도 예전에 그랬잖아,Whataboutism,3,과거로 논점 회피,방법 제안,"{1001,2001,3001}",2025-10-17T05:17:41.754694
273,너는 항상 실수해,과잉 일반화,4,근거 부족 일반화,제안 거부,"{1001,2001,3001}",2025-10-17T05:17:41.754694
274,다들 그렇게 한다니까,과한 일반 대명사,30,근거 없는 일반화,논의 중,"{1001,2001,3001}",2025-10-17T05:17:41.754694
275,지난번엔 네가 먼저 했잖아,Whataboutism,3,상관없는 비교로 전환,문제 발생,"{1001,2001,3001}",2025-10-17T05:17:41.754694
276,네가 있으니 항상 문제야,인신공격,1,인격 공격,지각 지적,"{1001,2001,3001}",2025-10-17T05:17:41.754694
277,완전 최악이야!!!!,감정적 언어 과다,17,과격한 표현,제안 거부,"{1001,2001,3001}",2025-10-17T05:17:41.754694
278,지난번엔 네가 먼저 했잖아,Whataboutism,3,상관없는 비교로 전환,업무,"{1001,2001,3001}",2025-10-17T05:17:41.754694
279,와 대단하시네요?(비꼼),조롱/비하,16,직접적 모욕,의견 충돌,"{1001,2001,3001}",2025-10-17T05:17:41.754694
280,진짜 미쳤냐!!!,감정적 언어 과다,17,과격한 표현,업무,"{1001,2001,3001}",2025-10-17T05:17:41.754694
281,너 같은 애가 뭘 하겠어,인신공격,1,능력 전반 부정,지적 상황,"{1001,2001,3001}",2025-10-17T05:17:41.754694
282,그건 중요하지 않고 내 얘기 들어,레드헤링,5,주제 전환,지각 지적,"{1001,2001,3001}",2025-10-17T05:17:41.754694
283,일단 다른 얘기부터 하자,레드헤링,5,주제 전환,업무,"{1001,2001,3001}",2025-10-17T05:17:41.754694
284,그건 네 탓이야,책임 전가,13,일방적 책임 전가,방법 제안,"{1001,2001,3001}",2025-10-17T05:17:41.754694
285,그건 네 탓이야,책임 전가,13,일방적 책임 전가,업무,"{1001,2001,3001}",2025-10-17T05:17:41.754694
286,너는 맨날 늦어,과잉 일반화,4,근거 부족 일반화,지각 지적,"{1001,2001,3001}",2025-10-17T05:17:41.754694
287,너 게으르다,낙인/라벨링,15,고정 라벨 부여,문제 발생,"{1001,2001,3001}",2025-10-17T05:17:41.754694
288,너는 진짜 일 못해,인신공격,1,존재 폄하,논의 중,"{1001,2001,3001}",2025-10-17T05:17:41.754694
289,사람들은 다 이렇게 해,과한 일반 대명사,30,근거 없는 일반화,휴식 취함,"{1001,2001,3001}",2025-10-17T05:17:41.754694
290,완전 최악이야!!!!,감정적 언어 과다,17,과격한 표현,휴식 취함,"{1001,2001,3001}",2025-10-17T05:17:41.754694
291,사람들은 다 이렇게 해,과한 일반 대명사,30,근거 없는 일반화,방법 제안,"{1001,2001,3001}",2025-10-17T05:17:41.754694
292,네가 해서 이렇게 됐지,책임 전가,13,일방적 책임 전가,업무,"{1001,2001,3001}",2025-10-17T05:17:41.754694
293,완전 최악이야!!!!,감정적 언어 과다,17,느낌표/과장,의견 충돌,"{1001,2001,3001}",2025-10-17T05:17:41.754694
294,말도 안 돼!!!,감정적 언어 과다,17,느낌표/과장,의견 충돌,"{1001,2001,3001}",2025-10-17T05:17:41.754694
295,지난번엔 네가 먼저 했잖아,Whataboutism,3,과거로 논점 회피,의견 충돌,"{1001,2001,3001}",2025-10-17T05:17:41.754694
296,너는 항상 실수해,과잉 일반화,4,근거 부족 일반화,논의 중,"{1001,2001,3001}",2025-10-17T05:17:41.754694
297,다들 그렇게 한다니까,과한 일반 대명사,30,모호한 집단 표현,방법 제안,"{1001,2001,3001}",2025-10-17T05:17:41.754694
298,너 진짜 멍청해,조롱/비하,16,직접적 모욕,방법 제안,"{1001,2001,3001}",2025-10-17T05:17:41.754694
299,일단 다른 얘기부터 하자,레드헤링,5,논점 일탈,지각 지적,"{1001,2001,3001}",2025-10-17T05:17:41.754694
300,와 대단하시네요?(비꼼),조롱/비하,16,비꼼/조롱,논의 중,"{1001,2001,3001}",2025-10-17T05:17:41.754694
301,정말 한심하다,조롱/비하,16,직접적 모욕,제안 거부,"{1001,2001,3001}",2025-10-17T05:17:41.754694
302,와 대단하시네요?(비꼼),조롱/비하,16,비꼼/조롱,제안 거부,"{1001,2001,3001}",2025-10-17T05:17:41.754694
303,너는 늘 보고서가 엉망이야,과잉 일반화,4,근거 부족 일반화,의견 충돌,"{1001,2001,3001}",2025-10-17T05:17:41.754694
304,너도 예전에 그랬잖아,Whataboutism,3,과거로 논점 회피,논의 중,"{1001,2001,3001}",2025-10-17T05:17:41.754694
305,지난번엔 네가 먼저 했잖아,Whataboutism,3,과거로 논점 회피,방법 제안,"{1001,2001,3001}",2025-10-17T05:17:41.754694
306,네가 있으니 항상 문제야,인신공격,1,존재 폄하,방법 제안,"{1001,2001,3001}",2025-10-17T05:17:41.754694
307,너 게으르다,낙인/라벨링,15,낙인찍기,제안 거부,"{1001,2001,3001}",2025-10-17T05:17:41.754694
308,정말 한심하다,조롱/비하,16,직접적 모욕,문제 발생,"{1001,2001,3001}",2025-10-17T05:17:41.754694
309,네가 해서 이렇게 됐지,책임 전가,13,일방적 책임 전가,방법 제안,"{1001,2001,3001}",2025-10-17T05:17:41.754694
310,그건 중요하지 않고 내 얘기 들어,레드헤링,5,논점 일탈,지각 지적,"{1001,2001,3001}",2025-10-17T05:17:41.754694
311,지난번엔 네가 먼저 했잖아,Whataboutism,3,상관없는 비교로 전환,의견 충돌,"{1001,2001,3001}",2025-10-17T05:17:41.754694
312,그건 네 탓이야,책임 전가,13,상대 책임 강조,방법 제안,"{1001,2001,3001}",2025-10-17T05:17:41.754694
313,사람들은 다 이렇게 해,과한 일반 대명사,30,모호한 집단 표현,업무,"{1001,2001,3001}",2025-10-17T05:17:41.754694
314,너는 항상 실수해,과잉 일반화,4,근거 부족 일반화,제안 거부,"{1001,2001,3001}",2025-10-17T05:17:41.754694
315,너 게으르다,낙인/라벨링,15,고정 라벨 부여,지적 상황,"{1001,2001,3001}",2025-10-17T05:17:41.754694
316,너 진짜 멍청해,조롱/비하,16,직접적 모욕,업무,"{1001,2001,3001}",2025-10-17T05:17:41.754694
317,너도 예전에 그랬잖아,Whataboutism,3,상관없는 비교로 전환,논의 중,"{1001,2001,3001}",2025-10-17T05:17:41.754694
318,완전 최악이야!!!!,감정적 언어 과다,17,과격한 표현,제안 거부,"{1001,2001,3001}",2025-10-17T05:17:41.754694
319,네가 해서 이렇게 됐지,책임 전가,13,일방적 책임 전가,업무,"{1001,2001,3001}",2025-10-17T05:17:41.754694
320,너는 맨날 늦어,과잉 일반화,4,항상/맨날 표현 사용,의견 충돌,"{1001,2001,3001}",2025-10-17T05:17:41.754694
321,네가 해서 이렇게 됐지,책임 전가,13,상대 책임 강조,휴식 취함,"{1001,2001,3001}",2025-10-17T05:17:41.754694
322,완전 최악이야!!!!,감정적 언어 과다,17,느낌표/과장,지각 지적,"{1001,2001,3001}",2025-10-17T05:17:41.754694
323,사람들은 다 이렇게 해,과한 일반 대명사,30,모호한 집단 표현,논의 중,"{1001,2001,3001}",2025-10-17T05:17:41.754694
324,지난번엔 네가 먼저 했잖아,Whataboutism,3,상관없는 비교로 전환,방법 제안,"{1001,2001,3001}",2025-10-17T05:17:41.754694
325,그건 네 탓이야,책임 전가,13,일방적 책임 전가,논의 중,"{1001,2001,3001}",2025-10-17T05:17:41.754694
326,너는 진짜 일 못해,인신공격,1,능력 전반 부정,문제 발생,"{1001,2001,3001}",2025-10-17T05:17:41.754694
327,그건 중요하지 않고 내 얘기 들어,레드헤링,5,논점 일탈,문제 발생,"{1001,2001,3001}",2025-10-17T05:17:41.754694
328,너 게으르다,낙인/라벨링,15,고정 라벨 부여,휴식 취함,"{1001,2001,3001}",2025-10-17T05:17:41.754694
329,너 진짜 멍청해,조롱/비하,16,직접적 모욕,논의 중,"{1001,2001,3001}",2025-10-17T05:17:41.754694
330,사람들은 다 이렇게 해,과한 일반 대명사,30,모호한 집단 표현,의견 충돌,"{1001,2001,3001}",2025-10-17T05:17:41.754694
331,정말 한심하다,조롱/비하,16,직접적 모욕,논의 중,"{1001,2001,3001}",2025-10-17T05:17:41.754694
332,너 같은 애가 뭘 하겠어,인신공격,1,능력 전반 부정,제안 거부,"{1001,2001,3001}",2025-10-17T05:17:41.754694
333,정말 한심하다,조롱/비하,16,비꼼/조롱,논의 중,"{1001,2001,3001}",2025-10-17T05:17:41.754694
334,그건 네 탓이야,책임 전가,13,상대 책임 강조,업무,"{1001,2001,3001}",2025-10-17T05:17:41.754694
335,너 게으르다,낙인/라벨링,15,낙인찍기,제안 거부,"{1001,2001,3001}",2025-10-17T05:17:41.754694
336,지난번엔 네가 먼저 했잖아,Whataboutism,3,과거로 논점 회피,지각 지적,"{1001,2001,3001}",2025-10-17T05:17:41.754694
337,정말 한심하다,조롱/비하,16,비꼼/조롱,방법 제안,"{1001,2001,3001}",2025-10-17T05:17:41.754694
338,지난번엔 네가 먼저 했잖아,Whataboutism,3,상관없는 비교로 전환,제안 거부,"{1001,2001,3001}",2025-10-17T05:17:41.754694
339,일단 다른 얘기부터 하자,레드헤링,5,주제 전환,의견 충돌,"{1001,2001,3001}",2025-10-17T05:17:41.754694
340,사람들은 다 이렇게 해,과한 일반 대명사,30,근거 없는 일반화,제안 거부,"{1001,2001,3001}",2025-10-17T05:17:41.754694
341,너 게으르다,낙인/라벨링,15,고정 라벨 부여,의견 충돌,"{1001,2001,3001}",2025-10-17T05:17:41.754694
342,너는 항상 실수해,과잉 일반화,4,항상/맨날 표현 사용,지적 상황,"{1001,2001,3001}",2025-10-17T05:17:41.754694
343,너는 늘 보고서가 엉망이야,과잉 일반화,4,항상/맨날 표현 사용,지적 상황,"{1001,2001,3001}",2025-10-17T05:17:41.754694
344,완전 최악이야!!!!,감정적 언어 과다,17,느낌표/과장,제안 거부,"{1001,2001,3001}",2025-10-17T05:17:41.754694
345,너 게으르다,낙인/라벨링,15,낙인찍기,의견 충돌,"{1001,2001,3001}",2025-10-17T05:17:41.754694
346,완전 최악이야!!!!,감정적 언어 과다,17,느낌표/과장,문제 발생,"{1001,2001,3001}",2025-10-17T05:17:41.754694
347,너 같은 애가 뭘 하겠어,인신공격,1,존재 폄하,의견 충돌,"{1001,2001,3001}",2025-10-17T05:17:41.754694
348,네가 해서 이렇게 됐지,책임 전가,13,상대 책임 강조,업무,"{1001,2001,3001}",2025-10-17T05:17:41.754694
349,너 같은 애가 뭘 하겠어,인신공격,1,인격 공격,의견 충돌,"{1001,2001,3001}",2025-10-17T05:17:41.754694
350,지난번엔 네가 먼저 했잖아,Whataboutism,3,상관없는 비교로 전환,방법 제안,"{1001,2001,3001}",2025-10-17T05:17:41.754694
351,너 같은 애가 뭘 하겠어,인신공격,1,존재 폄하,지각 지적,"{1001,2001,3001}",2025-10-17T05:17:41.754694
352,넌 무책임한 사람이야,낙인/라벨링,15,고정 라벨 부여,업무,"{1001,2001,3001}",2025-10-17T05:17:41.754694
353,진짜 미쳤냐!!!,감정적 언어 과다,17,느낌표/과장,의견 충돌,"{1001,2001,3001}",2025-10-17T05:17:41.754694
354,사람들은 다 이렇게 해,과한 일반 대명사,30,근거 없는 일반화,지각 지적,"{1001,2001,3001}",2025-10-17T05:17:41.754694
355,완전 최악이야!!!!,감정적 언어 과다,17,과격한 표현,제안 거부,"{1001,2001,3001}",2025-10-17T05:17:41.754694
356,넌 무책임한 사람이야,낙인/라벨링,15,낙인찍기,논의 중,"{1001,2001,3001}",2025-10-17T05:17:41.754694
357,너 게으르다,낙인/라벨링,15,낙인찍기,의견 충돌,"{1001,2001,3001}",2025-10-17T05:17:41.754694
358,너 게으르다,낙인/라벨링,15,낙인찍기,문제 발생,"{1001,2001,3001}",2025-10-17T05:17:41.754694
359,그건 네 탓이야,책임 전가,13,상대 책임 강조,의견 충돌,"{1001,2001,3001}",2025-10-17T05:17:41.754694
360,너는 항상 실수해,과잉 일반화,4,근거 부족 일반화,논의 중,"{1001,2001,3001}",2025-10-17T05:17:41.754694
361,너는 늘 보고서가 엉망이야,과잉 일반화,4,항상/맨날 표현 사용,문제 발생,"{1001,2001,3001}",2025-10-17T05:17:41.754694
362,다들 그렇게 한다니까,과한 일반 대명사,30,모호한 집단 표현,지적 상황,"{1001,2001,3001}",2025-10-17T05:17:41.754694
363,사람들은 다 이렇게 해,과한 일반 대명사,30,모호한 집단 표현,방법 제안,"{1001,2001,3001}",2025-10-17T05:17:41.754694
364,너 게으르다,낙인/라벨링,15,낙인찍기,문제 발생,"{1001,2001,3001}",2025-10-17T05:17:41.754694
365,너는 맨날 늦어,과잉 일반화,4,근거 부족 일반화,휴식 취함,"{1001,2001,3001}",2025-10-17T05:17:41.754694
366,그건 중요하지 않고 내 얘기 들어,레드헤링,5,주제 전환,지적 상황,"{1001,2001,3001}",2025-10-17T05:17:41.754694
367,지난번엔 네가 먼저 했잖아,Whataboutism,3,과거로 논점 회피,방법 제안,"{1001,2001,3001}",2025-10-17T05:17:41.754694
368,사람들은 다 이렇게 해,과한 일반 대명사,30,모호한 집단 표현,지적 상황,"{1001,2001,3001}",2025-10-17T05:17:41.754694
369,너 진짜 멍청해,조롱/비하,16,직접적 모욕,지적 상황,"{1001,2001,3001}",2025-10-17T05:17:41.754694
370,너는 늘 보고서가 엉망이야,과잉 일반화,4,근거 부족 일반화,업무,"{1001,2001,3001}",2025-10-17T05:17:41.754694
371,와 대단하시네요?(비꼼),조롱/비하,16,직접적 모욕,휴식 취함,"{1001,2001,3001}",2025-10-17T05:17:41.754694
372,네가 해서 이렇게 됐지,책임 전가,13,일방적 책임 전가,방법 제안,"{1001,2001,3001}",2025-10-17T05:17:41.754694
373,일단 다른 얘기부터 하자,레드헤링,5,논점 일탈,지각 지적,"{1001,2001,3001}",2025-10-17T05:17:41.754694
374,넌 무책임한 사람이야,낙인/라벨링,15,낙인찍기,문제 발생,"{1001,2001,3001}",2025-10-17T05:17:41.754694
375,정말 한심하다,조롱/비하,16,비꼼/조롱,지적 상황,"{1001,2001,3001}",2025-10-17T05:17:41.754694
376,그건 중요하지 않고 내 얘기 들어,레드헤링,5,논점 일탈,업무,"{1001,2001,3001}",2025-10-17T05:17:41.754694
377,완전 최악이야!!!!,감정적 언어 과다,17,과격한 표현,방법 제안,"{1001,2001,3001}",2025-10-17T05:17:41.754694
378,지난번엔 네가 먼저 했잖아,Whataboutism,3,과거로 논점 회피,지적 상황,"{1001,2001,3001}",2025-10-17T05:17:41.754694
379,네가 해서 이렇게 됐지,책임 전가,13,일방적 책임 전가,논의 중,"{1001,2001,3001}",2025-10-17T05:17:41.754694
380,너도 예전에 그랬잖아,Whataboutism,3,상관없는 비교로 전환,제안 거부,"{1001,2001,3001}",2025-10-17T05:17:41.754694
381,너 같은 애가 뭘 하겠어,인신공격,1,능력 전반 부정,논의 중,"{1001,2001,3001}",2025-10-17T05:17:41.754694
382,다들 그렇게 한다니까,과한 일반 대명사,30,근거 없는 일반화,논의 중,"{1001,2001,3001}",2025-10-17T05:17:41.754694
383,지난번엔 네가 먼저 했잖아,Whataboutism,3,과거로 논점 회피,업무,"{1001,2001,3001}",2025-10-17T05:17:41.754694
384,너 게으르다,낙인/라벨링,15,낙인찍기,지적 상황,"{1001,2001,3001}",2025-10-17T05:17:41.754694
385,너는 맨날 늦어,과잉 일반화,4,근거 부족 일반화,휴식 취함,"{1001,2001,3001}",2025-10-17T05:17:41.754694
386,너는 늘 보고서가 엉망이야,과잉 일반화,4,근거 부족 일반화,휴식 취함,"{1001,2001,3001}",2025-10-17T05:17:41.754694
387,너는 진짜 일 못해,인신공격,1,능력 전반 부정,문제 발생,"{1001,2001,3001}",2025-10-17T05:17:41.754694
388,그건 중요하지 않고 내 얘기 들어,레드헤링,5,논점 일탈,의견 충돌,"{1001,2001,3001}",2025-10-17T05:17:41.754694
389,그건 네 탓이야,책임 전가,13,상대 책임 강조,의견 충돌,"{1001,2001,3001}",2025-10-17T05:17:41.754694
390,너는 진짜 일 못해,인신공격,1,인격 공격,휴식 취함,"{1001,2001,3001}",2025-10-17T05:17:41.754694
391,너도 예전에 그랬잖아,Whataboutism,3,상관없는 비교로 전환,방법 제안,"{1001,2001,3001}",2025-10-17T05:17:41.754694
392,네가 있으니 항상 문제야,인신공격,1,존재 폄하,지각 지적,"{1001,2001,3001}",2025-10-17T05:17:41.754694
393,너는 항상 실수해,과잉 일반화,4,근거 부족 일반화,업무,"{1001,2001,3001}",2025-10-17T05:17:41.754694
394,너 게으르다,낙인/라벨링,15,낙인찍기,지적 상황,"{1001,2001,3001}",2025-10-17T05:17:41.754694
395,지난번엔 네가 먼저 했잖아,Whataboutism,3,과거로 논점 회피,방법 제안,"{1001,2001,3001}",2025-10-17T05:17:41.754694
396,사람들은 다 이렇게 해,과한 일반 대명사,30,모호한 집단 표현,휴식 취함,"{1001,2001,3001}",2025-10-17T05:17:41.754694
397,네가 있으니 항상 문제야,인신공격,1,인격 공격,제안 거부,"{1001,2001,3001}",2025-10-17T05:17:41.754694
398,그건 네 탓이야,책임 전가,13,상대 책임 강조,의견 충돌,"{1001,2001,3001}",2025-10-17T05:17:41.754694
399,너 게으르다,낙인/라벨링,15,고정 라벨 부여,제안 거부,"{1001,2001,3001}",2025-10-17T05:17:41.754694
400,너는 맨날 늦어,과잉 일반화,4,근거 부족 일반화,방법 제안,"{1001,2001,3001}",2025-10-17T05:17:41.754694
401,너 게으르다,낙인/라벨링,15,낙인찍기,휴식 취함,"{1001,2001,3001}",2025-10-17T05:17:41.754694
402,너는 맨날 늦어,과잉 일반화,4,항상/맨날 표현 사용,휴식 취함,"{1001,2001,3001}",2025-10-17T05:17:41.754694
403,너 같은 애가 뭘 하겠어,인신공격,1,능력 전반 부정,업무,"{1001,2001,3001}",2025-10-17T05:17:41.754694
404,그건 중요하지 않고 내 얘기 들어,레드헤링,5,논점 일탈,문제 발생,"{1001,2001,3001}",2025-10-17T05:17:41.754694
405,다들 그렇게 한다니까,과한 일반 대명사,30,모호한 집단 표현,문제 발생,"{1001,2001,3001}",2025-10-17T05:17:41.754694
406,네가 있으니 항상 문제야,인신공격,1,능력 전반 부정,문제 발생,"{1001,2001,3001}",2025-10-17T05:17:41.754694
407,너 게으르다,낙인/라벨링,15,낙인찍기,문제 발생,"{1001,2001,3001}",2025-10-17T05:17:41.754694
408,지난번엔 네가 먼저 했잖아,Whataboutism,3,상관없는 비교로 전환,논의 중,"{1001,2001,3001}",2025-10-17T05:17:41.754694
409,완전 최악이야!!!!,감정적 언어 과다,17,느낌표/과장,지적 상황,"{1001,2001,3001}",2025-10-17T05:17:41.754694
410,말도 안 돼!!!,감정적 언어 과다,17,느낌표/과장,제안 거부,"{1001,2001,3001}",2025-10-17T05:17:41.754694
411,다들 그렇게 한다니까,과한 일반 대명사,30,근거 없는 일반화,논의 중,"{1001,2001,3001}",2025-10-17T05:17:41.754694
412,지난번엔 네가 먼저 했잖아,Whataboutism,3,과거로 논점 회피,방법 제안,"{1001,2001,3001}",2025-10-17T05:17:41.754694
413,네가 해서 이렇게 됐지,책임 전가,13,일방적 책임 전가,의견 충돌,"{1001,2001,3001}",2025-10-17T05:17:41.754694
414,넌 무책임한 사람이야,낙인/라벨링,15,낙인찍기,휴식 취함,"{1001,2001,3001}",2025-10-17T05:17:41.754694
415,너 진짜 멍청해,조롱/비하,16,비꼼/조롱,제안 거부,"{1001,2001,3001}",2025-10-17T05:17:41.754694
416,진짜 미쳤냐!!!,감정적 언어 과다,17,느낌표/과장,논의 중,"{1001,2001,3001}",2025-10-17T05:17:41.754694
417,그건 네 탓이야,책임 전가,13,일방적 책임 전가,논의 중,"{1001,2001,3001}",2025-10-17T05:17:41.754694
418,너 게으르다,낙인/라벨링,15,고정 라벨 부여,지적 상황,"{1001,2001,3001}",2025-10-17T05:17:41.754694
419,진짜 미쳤냐!!!,감정적 언어 과다,17,과격한 표현,의견 충돌,"{1001,2001,3001}",2025-10-17T05:17:41.754694
420,일단 다른 얘기부터 하자,레드헤링,5,논점 일탈,논의 중,"{1001,2001,3001}",2025-10-17T05:17:41.754694
421,네가 있으니 항상 문제야,인신공격,1,능력 전반 부정,휴식 취함,"{1001,2001,3001}",2025-10-17T05:17:41.754694
422,넌 무책임한 사람이야,낙인/라벨링,15,낙인찍기,의견 충돌,"{1001,2001,3001}",2025-10-17T05:17:41.754694
423,너는 늘 보고서가 엉망이야,과잉 일반화,4,근거 부족 일반화,논의 중,"{1001,2001,3001}",2025-10-17T05:17:41.754694
424,넌 무책임한 사람이야,낙인/라벨링,15,고정 라벨 부여,의견 충돌,"{1001,2001,3001}",2025-10-17T05:17:41.754694
425,네가 있으니 항상 문제야,인신공격,1,능력 전반 부정,휴식 취함,"{1001,2001,3001}",2025-10-17T05:17:41.754694
426,다들 그렇게 한다니까,과한 일반 대명사,30,근거 없는 일반화,문제 발생,"{1001,2001,3001}",2025-10-17T05:17:41.754694
427,네가 해서 이렇게 됐지,책임 전가,13,일방적 책임 전가,문제 발생,"{1001,2001,3001}",2025-10-17T05:17:41.754694
428,진짜 미쳤냐!!!,감정적 언어 과다,17,과격한 표현,지적 상황,"{1001,2001,3001}",2025-10-17T05:17:41.754694
429,지난번엔 네가 먼저 했잖아,Whataboutism,3,과거로 논점 회피,휴식 취함,"{1001,2001,3001}",2025-10-17T05:17:41.754694
430,지난번엔 네가 먼저 했잖아,Whataboutism,3,상관없는 비교로 전환,의견 충돌,"{1001,2001,3001}",2025-10-17T05:17:41.754694
431,다들 그렇게 한다니까,과한 일반 대명사,30,모호한 집단 표현,지적 상황,"{1001,2001,3001}",2025-10-17T05:17:41.754694
432,너는 항상 실수해,과잉 일반화,4,항상/맨날 표현 사용,의견 충돌,"{1001,2001,3001}",2025-10-17T05:17:41.754694
433,그건 중요하지 않고 내 얘기 들어,레드헤링,5,주제 전환,휴식 취함,"{1001,2001,3001}",2025-10-17T05:17:41.754694
434,너 같은 애가 뭘 하겠어,인신공격,1,존재 폄하,제안 거부,"{1001,2001,3001}",2025-10-17T05:17:41.754694
435,말도 안 돼!!!,감정적 언어 과다,17,과격한 표현,의견 충돌,"{1001,2001,3001}",2025-10-17T05:17:41.754694
436,지난번엔 네가 먼저 했잖아,Whataboutism,3,상관없는 비교로 전환,휴식 취함,"{1001,2001,3001}",2025-10-17T05:17:41.754694
437,다들 그렇게 한다니까,과한 일반 대명사,30,모호한 집단 표현,의견 충돌,"{1001,2001,3001}",2025-10-17T05:17:41.754694
438,너는 항상 실수해,과잉 일반화,4,항상/맨날 표현 사용,휴식 취함,"{1001,2001,3001}",2025-10-17T05:17:41.754694
439,말도 안 돼!!!,감정적 언어 과다,17,느낌표/과장,지적 상황,"{1001,2001,3001}",2025-10-17T05:17:41.754694
440,사람들은 다 이렇게 해,과한 일반 대명사,30,근거 없는 일반화,논의 중,"{1001,2001,3001}",2025-10-17T05:17:41.754694
441,사람들은 다 이렇게 해,과한 일반 대명사,30,근거 없는 일반화,방법 제안,"{1001,2001,3001}",2025-10-17T05:17:41.754694
442,너는 항상 실수해,과잉 일반화,4,항상/맨날 표현 사용,지적 상황,"{1001,2001,3001}",2025-10-17T05:17:41.754694
443,너 게으르다,낙인/라벨링,15,낙인찍기,방법 제안,"{1001,2001,3001}",2025-10-17T05:17:41.754694
444,그건 네 탓이야,책임 전가,13,상대 책임 강조,지각 지적,"{1001,2001,3001}",2025-10-17T05:17:41.754694
445,다들 그렇게 한다니까,과한 일반 대명사,30,근거 없는 일반화,문제 발생,"{1001,2001,3001}",2025-10-17T05:17:41.754694
446,사람들은 다 이렇게 해,과한 일반 대명사,30,근거 없는 일반화,지적 상황,"{1001,2001,3001}",2025-10-17T05:17:41.754694
447,너는 늘 보고서가 엉망이야,과잉 일반화,4,근거 부족 일반화,업무,"{1001,2001,3001}",2025-10-17T05:17:41.754694
448,너는 진짜 일 못해,인신공격,1,능력 전반 부정,문제 발생,"{1001,2001,3001}",2025-10-17T05:17:41.754694
449,일단 다른 얘기부터 하자,레드헤링,5,주제 전환,휴식 취함,"{1001,2001,3001}",2025-10-17T05:17:41.754694
450,다들 그렇게 한다니까,과한 일반 대명사,30,모호한 집단 표현,휴식 취함,"{1001,2001,3001}",2025-10-17T05:17:41.754694
451,일단 다른 얘기부터 하자,레드헤링,5,논점 일탈,휴식 취함,"{1001,2001,3001}",2025-10-17T05:17:41.754694
452,너도 예전에 그랬잖아,Whataboutism,3,과거로 논점 회피,휴식 취함,"{1001,2001,3001}",2025-10-17T05:17:41.754694
453,와 대단하시네요?(비꼼),조롱/비하,16,비꼼/조롱,지각 지적,"{1001,2001,3001}",2025-10-17T05:17:41.754694
454,너 게으르다,낙인/라벨링,15,낙인찍기,제안 거부,"{1001,2001,3001}",2025-10-17T05:17:41.754694
455,넌 무책임한 사람이야,낙인/라벨링,15,고정 라벨 부여,제안 거부,"{1001,2001,3001}",2025-10-17T05:17:41.754694
456,사람들은 다 이렇게 해,과한 일반 대명사,30,모호한 집단 표현,지각 지적,"{1001,2001,3001}",2025-10-17T05:17:41.754694
457,진짜 미쳤냐!!!,감정적 언어 과다,17,느낌표/과장,휴식 취함,"{1001,2001,3001}",2025-10-17T05:17:41.754694
458,그건 중요하지 않고 내 얘기 들어,레드헤링,5,주제 전환,업무,"{1001,2001,3001}",2025-10-17T05:17:41.754694
459,네가 해서 이렇게 됐지,책임 전가,13,상대 책임 강조,지각 지적,"{1001,2001,3001}",2025-10-17T05:17:41.754694
460,너는 항상 실수해,과잉 일반화,4,근거 부족 일반화,지각 지적,"{1001,2001,3001}",2025-10-17T05:17:41.754694
461,너는 항상 실수해,과잉 일반화,4,근거 부족 일반화,휴식 취함,"{1001,2001,3001}",2025-10-17T05:17:41.754694
462,네가 해서 이렇게 됐지,책임 전가,13,일방적 책임 전가,의견 충돌,"{1001,2001,3001}",2025-10-17T05:17:41.754694
463,정말 한심하다,조롱/비하,16,비꼼/조롱,지각 지적,"{1001,2001,3001}",2025-10-17T05:17:41.754694
464,일단 다른 얘기부터 하자,레드헤링,5,주제 전환,업무,"{1001,2001,3001}",2025-10-17T05:17:41.754694
465,네가 해서 이렇게 됐지,책임 전가,13,상대 책임 강조,문제 발생,"{1001,2001,3001}",2025-10-17T05:17:41.754694
466,사람들은 다 이렇게 해,과한 일반 대명사,30,근거 없는 일반화,논의 중,"{1001,2001,3001}",2025-10-17T05:17:41.754694
467,너는 항상 실수해,과잉 일반화,4,근거 부족 일반화,논의 중,"{1001,2001,3001}",2025-10-17T05:17:41.754694
468,너 게으르다,낙인/라벨링,15,낙인찍기,업무,"{1001,2001,3001}",2025-10-17T05:17:41.754694
469,사람들은 다 이렇게 해,과한 일반 대명사,30,모호한 집단 표현,방법 제안,"{1001,2001,3001}",2025-10-17T05:17:41.754694
470,그건 네 탓이야,책임 전가,13,상대 책임 강조,방법 제안,"{1001,2001,3001}",2025-10-17T05:17:41.754694
471,말도 안 돼!!!,감정적 언어 과다,17,느낌표/과장,의견 충돌,"{1001,2001,3001}",2025-10-17T05:17:41.754694
472,너는 맨날 늦어,과잉 일반화,4,근거 부족 일반화,제안 거부,"{1001,2001,3001}",2025-10-17T05:17:41.754694
473,넌 무책임한 사람이야,낙인/라벨링,15,고정 라벨 부여,지각 지적,"{1001,2001,3001}",2025-10-17T05:17:41.754694
474,다들 그렇게 한다니까,과한 일반 대명사,30,근거 없는 일반화,업무,"{1001,2001,3001}",2025-10-17T05:17:41.754694
475,너는 진짜 일 못해,인신공격,1,존재 폄하,제안 거부,"{1001,2001,3001}",2025-10-17T05:17:41.754694
476,말도 안 돼!!!,감정적 언어 과다,17,느낌표/과장,지적 상황,"{1001,2001,3001}",2025-10-17T05:17:41.754694
477,사람들은 다 이렇게 해,과한 일반 대명사,30,모호한 집단 표현,제안 거부,"{1001,2001,3001}",2025-10-17T05:17:41.754694
478,너는 항상 실수해,과잉 일반화,4,근거 부족 일반화,제안 거부,"{1001,2001,3001}",2025-10-17T05:17:41.754694
479,다들 그렇게 한다니까,과한 일반 대명사,30,모호한 집단 표현,휴식 취함,"{1001,2001,3001}",2025-10-17T05:17:41.754694
480,너 같은 애가 뭘 하겠어,인신공격,1,인격 공격,의견 충돌,"{1001,2001,3001}",2025-10-17T05:17:41.754694
481,정말 한심하다,조롱/비하,16,비꼼/조롱,업무,"{1001,2001,3001}",2025-10-17T05:17:41.754694
482,완전 최악이야!!!!,감정적 언어 과다,17,과격한 표현,업무,"{1001,2001,3001}",2025-10-17T05:17:41.754694
483,진짜 미쳤냐!!!,감정적 언어 과다,17,느낌표/과장,지적 상황,"{1001,2001,3001}",2025-10-17T05:17:41.754694
484,그건 중요하지 않고 내 얘기 들어,레드헤링,5,주제 전환,지각 지적,"{1001,2001,3001}",2025-10-17T05:17:41.754694
485,너 같은 애가 뭘 하겠어,인신공격,1,인격 공격,논의 중,"{1001,2001,3001}",2025-10-17T05:17:41.754694
486,너는 항상 실수해,과잉 일반화,4,항상/맨날 표현 사용,논의 중,"{1001,2001,3001}",2025-10-17T05:17:41.754694
487,다들 그렇게 한다니까,과한 일반 대명사,30,근거 없는 일반화,지적 상황,"{1001,2001,3001}",2025-10-17T05:17:41.754694
488,사람들은 다 이렇게 해,과한 일반 대명사,30,모호한 집단 표현,휴식 취함,"{1001,2001,3001}",2025-10-17T05:17:41.754694
489,다들 그렇게 한다니까,과한 일반 대명사,30,모호한 집단 표현,지적 상황,"{1001,2001,3001}",2025-10-17T05:17:41.754694
490,말도 안 돼!!!,감정적 언어 과다,17,느낌표/과장,방법 제안,"{1001,2001,3001}",2025-10-17T05:17:41.754694
491,넌 무책임한 사람이야,낙인/라벨링,15,낙인찍기,지각 지적,"{1001,2001,3001}",2025-10-17T05:17:41.754694
492,일단 다른 얘기부터 하자,레드헤링,5,논점 일탈,지각 지적,"{1001,2001,3001}",2025-10-17T05:17:41.754694
493,네가 해서 이렇게 됐지,책임 전가,13,일방적 책임 전가,휴식 취함,"{1001,2001,3001}",2025-10-17T05:17:41.754694
494,넌 무책임한 사람이야,낙인/라벨링,15,낙인찍기,방법 제안,"{1001,2001,3001}",2025-10-17T05:17:41.754694
495,네가 해서 이렇게 됐지,책임 전가,13,일방적 책임 전가,방법 제안,"{1001,2001,3001}",2025-10-17T05:17:41.754694
496,와 대단하시네요?(비꼼),조롱/비하,16,비꼼/조롱,지적 상황,"{1001,2001,3001}",2025-10-17T05:17:41.754694
497,그건 네 탓이야,책임 전가,13,상대 책임 강조,의견 충돌,"{1001,2001,3001}",2025-10-17T05:17:41.754694
498,넌 무책임한 사람이야,낙인/라벨링,15,낙인찍기,휴식 취함,"{1001,2001,3001}",2025-10-17T05:17:41.754694
499,그건 중요하지 않고 내 얘기 들어,레드헤링,5,논점 일탈,방법 제안,"{1001,2001,3001}",2025-10-17T05:17:41.754694
500,그건 네 탓이야,책임 전가,13,일방적 책임 전가,지각 지적,"{1001,2001,3001}",2025-10-17T05:17:41.754694
